{
  "__inputs": [
    {
      "name": "DS_INFLUXDB",
      "label": "InfluxDB",
      "description": "",
      "type": "datasource",
      "pluginId": "influxdb",
      "pluginName": "InfluxDB"
    }
  ],
  "__elements": {
    "c864eab0-6b7c-4bed-8c41-b91b916326f1": {
      "name": "Holistic Performance",
      "uid": "c864eab0-6b7c-4bed-8c41-b91b916326f1",
      "kind": 1,
      "model": {
        "datasource": {
          "type": "influxdb",
          "uid": "q-S3-v_nz"
        },
        "description": "",
        "fieldConfig": {
          "defaults": {
            "color": {
              "mode": "palette-classic"
            },
            "custom": {
              "axisCenteredZero": false,
              "axisColorMode": "text",
              "axisGridShow": true,
              "axisLabel": "Latency",
              "axisPlacement": "auto",
              "barAlignment": 0,
              "drawStyle": "line",
              "fillOpacity": 8,
              "gradientMode": "opacity",
              "hideFrom": {
                "legend": false,
                "tooltip": false,
                "viz": false
              },
              "lineInterpolation": "smooth",
              "lineStyle": {
                "fill": "solid"
              },
              "lineWidth": 1,
              "pointSize": 5,
              "scaleDistribution": {
                "type": "linear"
              },
              "showPoints": "never",
              "spanNulls": true,
              "stacking": {
                "group": "A",
                "mode": "normal"
              },
              "thresholdsStyle": {
                "mode": "line+area"
              }
            },
            "links": [
              {
                "title": "telegraf",
                "url": "influxdb.edgespark.io"
              }
            ],
            "mappings": [],
            "thresholds": {
              "mode": "absolute",
              "steps": [
                {
                  "color": "transparent",
                  "value": null
                },
                {
                  "color": "dark-red",
                  "value": 150
                }
              ]
            },
            "unit": "ms"
          },
          "overrides": [
            {
              "matcher": {
                "id": "byName",
                "options": "packet_loss%"
              },
              "properties": [
                {
                  "id": "displayName",
                  "value": "Packet Loss"
                }
              ]
            },
            {
              "matcher": {
                "id": "byName",
                "options": "max"
              },
              "properties": [
                {
                  "id": "displayName",
                  "value": "Max Latency"
                },
                {
                  "id": "unit",
                  "value": "ms"
                }
              ]
            },
            {
              "matcher": {
                "id": "byName",
                "options": "mean"
              },
              "properties": [
                {
                  "id": "displayName",
                  "value": "Mean Latency"
                },
                {
                  "id": "unit",
                  "value": "ms"
                }
              ]
            },
            {
              "matcher": {
                "id": "byName",
                "options": "min"
              },
              "properties": [
                {
                  "id": "displayName",
                  "value": "Min Latency"
                },
                {
                  "id": "unit",
                  "value": "ms"
                }
              ]
            },
            {
              "matcher": {
                "id": "byName",
                "options": "mean"
              },
              "properties": [
                {
                  "id": "color",
                  "value": {
                    "fixedColor": "blue",
                    "mode": "fixed"
                  }
                }
              ]
            },
            {
              "matcher": {
                "id": "byName",
                "options": "max"
              },
              "properties": [
                {
                  "id": "color",
                  "value": {
                    "fixedColor": "red",
                    "mode": "fixed"
                  }
                }
              ]
            },
            {
              "matcher": {
                "id": "byName",
                "options": "min"
              },
              "properties": [
                {
                  "id": "color",
                  "value": {
                    "fixedColor": "green",
                    "mode": "fixed"
                  }
                }
              ]
            },
            {
              "matcher": {
                "id": "byName",
                "options": "packet_loss%"
              },
              "properties": [
                {
                  "id": "color",
                  "value": {
                    "fixedColor": "text",
                    "mode": "fixed"
                  }
                }
              ]
            },
            {
              "matcher": {
                "id": "byName",
                "options": "max"
              },
              "properties": [
                {
                  "id": "custom.fillBelowTo",
                  "value": "min"
                },
                {
                  "id": "custom.lineWidth",
                  "value": 1
                },
                {
                  "id": "custom.stacking",
                  "value": {
                    "group": true,
                    "mode": "none"
                  }
                }
              ]
            },
            {
              "matcher": {
                "id": "byName",
                "options": "min"
              },
              "properties": [
                {
                  "id": "custom.lineWidth",
                  "value": 1
                },
                {
                  "id": "custom.stacking",
                  "value": {
                    "group": true,
                    "mode": "none"
                  }
                }
              ]
            },
            {
              "matcher": {
                "id": "byName",
                "options": "mean"
              },
              "properties": [
                {
                  "id": "custom.lineWidth",
                  "value": 1
                },
                {
                  "id": "custom.stacking",
                  "value": {
                    "group": true,
                    "mode": "none"
                  }
                }
              ]
            },
            {
              "matcher": {
                "id": "byName",
                "options": "packet_loss%"
              },
              "properties": [
                {
                  "id": "custom.showPoints",
                  "value": "always"
                },
                {
                  "id": "unit",
                  "value": "percent"
                },
                {
                  "id": "min",
                  "value": 0.000001
                },
                {
                  "id": "custom.axisPlacement",
                  "value": "right"
                },
                {
                  "id": "custom.axisLabel",
                  "value": "Packet loss"
                }
              ]
            },
            {
              "matcher": {
                "id": "byName",
                "options": "mean"
              },
              "properties": [
                {
                  "id": "custom.lineWidth",
                  "value": 1
                },
                {
                  "id": "custom.stacking",
                  "value": {
                    "group": true,
                    "mode": "normal"
                  }
                }
              ]
            }
          ]
        },
        "libraryPanel": {
          "name": "Holistic Performance",
          "uid": ""
        },
        "links": [
          {
            "title": "telegraf",
            "url": "influxdb.edgespark.io"
          }
        ],
        "options": {
          "legend": {
            "calcs": [
              "last"
            ],
            "displayMode": "table",
            "placement": "bottom",
            "showLegend": true
          },
          "timezone": [
            ""
          ],
          "tooltip": {
            "mode": "multi",
            "sort": "none"
          }
        },
        "pluginVersion": "9.5.1",
        "repeatDirection": "h",
        "targets": [
          {
            "alias": "min",
            "datasource": {
              "type": "influxdb",
              "uid": "q-S3-v_nz"
            },
            "groupBy": [
              {
                "params": [
                  "$__interval"
                ],
                "type": "time"
              },
              {
                "params": [
                  "null"
                ],
                "type": "fill"
              }
            ],
            "measurement": "ping",
            "orderByTime": "ASC",
            "policy": "default",
            "query": "bucket_name = \"telegraf\"\r\ndst_url = \"1.1.1.1\"\r\noutputColumns = [\"_field\", \"_time\", \"_value\"]\r\n\r\nrawLatencyQuery = from(bucket: \"telegraf\")\r\n  |> range(start: v.timeRangeStart, stop: v.timeRangeStop)\r\n  |> filter(fn: (r) => r[\"_measurement\"] == \"ping\")\r\n  |> filter(fn: (r) => r[\"_field\"] == \"average_response_ms\")\r\n  |> filter(fn: (r) => r[\"url\"] == dst_url)\r\n\r\nmeanLatencyRet = rawLatencyQuery\r\n  |> map(fn: (r) => ({_value: r._value, _time: r._time, _field: \"mean\"}))\r\n  |> keep(columns: outputColumns)\r\n  |> aggregateWindow(every: v.windowPeriod, fn: mean, createEmpty: false)\r\n  |> yield(name: \"mean\")\r\n\r\nmaxLatencyRet = rawLatencyQuery\r\n  |> map(fn: (r) => ({_value: r._value, _time: r._time, _field: \"max\"}))\r\n  |> keep(columns: outputColumns)\r\n  |> aggregateWindow(every: v.windowPeriod, fn: max, createEmpty: false)\r\n  |> yield(name: \"max\")\r\n\r\nminLatencyRet = rawLatencyQuery\r\n  |> map(fn: (r) => ({_value: r._value, _time: r._time, _field: \"min\"}))\r\n  |> keep(columns: outputColumns)\r\n  |> aggregateWindow(every: v.windowPeriod, fn: min, createEmpty: false)\r\n  |> yield(name: \"min\")\r\n\r\npacketLossRateRawQuery = from(bucket: \"telegraf\")\r\n  |> range(start: v.timeRangeStart, stop: v.timeRangeStop)\r\n  |> filter(fn: (r) => r[\"_measurement\"] == \"ping\")\r\n  |> filter(fn: (r) => r[\"_field\"] == \"percent_packet_loss\")\r\n  |> filter(fn: (r) => r[\"url\"] == dst_url)\r\n\r\npacketLossRateRet = packetLossRateRawQuery\r\n  |> map(fn: (r) => ({_value: r._value, _time: r._time, _field: \"packet_loss%\"}))\r\n  |> keep(columns: outputColumns)\r\n  |> aggregateWindow(every: v.windowPeriod, fn: mean, createEmpty: false)\r\n  |> yield(name: \"packet_loss_rate\")",
            "refId": "A",
            "resultFormat": "time_series",
            "select": [
              [
                {
                  "params": [
                    "minimum_response_ms"
                  ],
                  "type": "field"
                },
                {
                  "params": [],
                  "type": "min"
                }
              ]
            ],
            "tags": [
              {
                "key": "url",
                "operator": "=~",
                "value": "/^$Host$/"
              }
            ]
          }
        ],
        "title": "Current Interface",
        "transformations": [],
        "type": "timeseries"
      }
    }
  },
  "__requires": [
    {
      "type": "panel",
      "id": "geomap",
      "name": "Geomap",
      "version": ""
    },
    {
      "type": "grafana",
      "id": "grafana",
      "name": "Grafana",
      "version": "9.5.2"
    },
    {
      "type": "datasource",
      "id": "influxdb",
      "name": "InfluxDB",
      "version": "1.0.0"
    }
  ],
  "annotations": {
    "list": [
      {
        "builtIn": 1,
        "datasource": {
          "type": "grafana",
          "uid": "-- Grafana --"
        },
        "enable": true,
        "hide": true,
        "iconColor": "rgba(0, 211, 255, 1)",
        "name": "Annotations & Alerts",
        "type": "dashboard"
      }
    ]
  },
  "description": "Panels Relevant for clients",
  "editable": true,
  "fiscalYearStartMonth": 0,
  "graphTooltip": 0,
  "id": null,
  "links": [],
  "liveNow": false,
  "panels": [
    {
      "datasource": {
        "type": "influxdb",
        "uid": "${DS_INFLUXDB}"
      },
      "description": "",
      "fieldConfig": {
        "defaults": {
          "color": {
            "mode": "continuous-GrYlRd"
          },
          "custom": {
            "hideFrom": {
              "legend": false,
              "tooltip": false,
              "viz": false
            }
          },
          "displayName": "Network",
          "links": [
            {
              "title": "telegraf",
              "url": "influxdb.edgespark.io/telegraf"
            }
          ],
          "mappings": [],
          "thresholds": {
            "mode": "absolute",
            "steps": [
              {
                "color": "green",
                "value": null
              }
            ]
          },
          "unit": "string"
        },
        "overrides": []
      },
      "gridPos": {
        "h": 11,
        "w": 10,
        "x": 2,
        "y": 0
      },
      "id": 5,
      "interval": "10s",
      "links": [
        {
          "title": "telegraf",
          "url": "influxdb.edgespark.io"
        }
      ],
      "options": {
        "basemap": {
          "config": {},
          "name": "Layer 0",
          "opacity": 1,
          "type": "default"
        },
        "controls": {
          "mouseWheelZoom": true,
          "showAttribution": true,
          "showDebug": true,
          "showMeasure": false,
          "showScale": false,
          "showZoom": true
        },
        "layers": [
          {
            "config": {
              "showLegend": false,
              "style": {
                "color": {
                  "fixed": "dark-green"
                },
                "opacity": 0.4,
                "rotation": {
                  "fixed": 0,
                  "max": 360,
                  "min": -360,
                  "mode": "mod"
                },
                "size": {
                  "fixed": 5,
                  "max": 15,
                  "min": 2
                },
                "symbol": {
                  "fixed": "img/icons/marker/circle.svg",
                  "mode": "fixed"
                },
                "text": {
                  "field": "",
                  "fixed": "Perth",
                  "mode": "fixed"
                },
                "textConfig": {
                  "fontSize": 12,
                  "offsetX": 0,
                  "offsetY": -5,
                  "textAlign": "center",
                  "textBaseline": "bottom"
                }
              }
            },
            "location": {
              "latitude": "Latitude - Perth",
              "longitude": "Longitude - Perth",
              "mode": "coords"
            },
            "name": "Node 3",
            "tooltip": true,
            "type": "markers"
          },
          {
            "config": {
              "showLegend": false,
              "style": {
                "color": {
                  "fixed": "dark-green"
                },
                "opacity": 0.4,
                "rotation": {
                  "fixed": 0,
                  "max": 360,
                  "min": -360,
                  "mode": "mod"
                },
                "size": {
                  "fixed": 5,
                  "max": 15,
                  "min": 2
                },
                "symbol": {
                  "fixed": "img/icons/marker/circle.svg",
                  "mode": "fixed"
                },
                "text": {
                  "field": "",
                  "fixed": "Darwin",
                  "mode": "fixed"
                },
                "textConfig": {
                  "fontSize": 12,
                  "offsetX": 0,
                  "offsetY": -5,
                  "textAlign": "center",
                  "textBaseline": "bottom"
                }
              }
            },
            "location": {
              "latitude": "Latitude - Darwin",
              "longitude": "Longitude - Darwin",
              "mode": "coords"
            },
            "name": "Node 2",
            "tooltip": true,
            "type": "markers"
          },
          {
            "config": {
              "showLegend": false,
              "style": {
                "color": {
                  "fixed": "dark-green"
                },
                "opacity": 0.4,
                "rotation": {
                  "fixed": 0,
                  "max": 360,
                  "min": -360,
                  "mode": "mod"
                },
                "size": {
                  "fixed": 5,
                  "max": 15,
                  "min": 2
                },
                "symbol": {
                  "fixed": "img/icons/marker/circle.svg",
                  "mode": "fixed"
                },
                "text": {
                  "field": "file · hostName",
                  "fixed": "Canberra",
                  "mode": "fixed"
                },
                "textConfig": {
                  "fontSize": 12,
                  "offsetX": 0,
                  "offsetY": -5,
                  "textAlign": "center",
                  "textBaseline": "bottom"
                }
              }
            },
            "location": {
              "latitude": "Latitude - Canberra",
              "longitude": "Longitude - Canberra",
              "mode": "coords"
            },
            "name": "Node 1",
            "opacity": 1,
            "tooltip": true,
            "type": "markers"
          }
        ],
        "tooltip": {
          "mode": "details"
        },
        "view": {
          "allLayers": true,
          "id": "coords",
          "lat": -27.970977,
          "lon": 140.205376,
          "zoom": 3
        }
      },
      "pluginVersion": "9.5.2",
      "targets": [
        {
          "datasource": {
            "type": "influxdb",
            "uid": "${DS_INFLUXDB}"
          },
          "hide": false,
          "query": "from(bucket: \"telegraf\")\r\n  |> range(start: v.timeRangeStart, stop: v.timeRangeStop)\r\n  |> filter(fn: (r) => r._measurement == \"file\")\r\n  |> filter(fn: (r) => r.latitude !~ /^[+-]?\\d+(\\.\\d+)?$/)\r\n  |> filter(fn: (r) => r.longitude !~ /^[+-]?\\d+(\\.\\d+)?$/)\r\n  |> limit(n: 1)\r\n\r\n\r\n\r\n",
          "refId": "Node Network"
        }
      ],
      "title": "Node Map",
      "transformations": [
        {
          "id": "labelsToFields",
          "options": {
            "mode": "columns"
          }
        },
        {
          "id": "concatenate",
          "options": {}
        },
        {
          "id": "organize",
          "options": {
            "excludeByName": {
              "file · host 1": true,
              "file · host 2": true,
              "file · host 3": true,
              "file · host 4": true,
              "file · host 5": true,
              "file · host 6": true,
              "file · hostName 1": true,
              "file · hostName 2": true,
              "file · hostName 3": true,
              "file · hostName 4": true,
              "file · hostName 5": true,
              "file · hostName 6": true
            },
            "indexByName": {
              "file · Time": 0,
              "file · host 1": 7,
              "file · host 2": 9,
              "file · host 3": 11,
              "file · host 4": 13,
              "file · host 5": 15,
              "file · host 6": 17,
              "file · hostName 1": 8,
              "file · hostName 2": 10,
              "file · hostName 3": 12,
              "file · hostName 4": 14,
              "file · hostName 5": 16,
              "file · hostName 6": 18,
              "file · latitude 1": 1,
              "file · latitude 2": 3,
              "file · latitude 3": 5,
              "file · longitude 1": 2,
              "file · longitude 2": 4,
              "file · longitude 3": 6
            },
            "renameByName": {
              "file · Time": "Time",
              "file · host 1": "",
              "file · host 2": "",
              "file · hostName 1": "",
              "file · hostName 2": "",
              "file · latitude 1": "Latitude - Canberra",
              "file · latitude 2": "Latitude - Darwin",
              "file · latitude 3": "Latitude - Perth",
              "file · longitude 1": "Longitude - Canberra",
              "file · longitude 2": "Longitude - Darwin",
              "file · longitude 3": "Longitude - Perth"
            }
          }
        }
      ],
      "type": "geomap"
    },
    {
      "gridPos": {
        "h": 11,
        "w": 10,
        "x": 12,
        "y": 0
      },
      "id": 6,
      "libraryPanel": {
        "uid": "c864eab0-6b7c-4bed-8c41-b91b916326f1",
        "name": "Holistic Performance"
      }
    }
  ],
  "refresh": "5s",
  "schemaVersion": 38,
  "style": "dark",
  "tags": [],
  "templating": {
    "list": []
  },
  "time": {
    "from": "now-5m",
    "to": "now"
  },
  "timepicker": {},
  "timezone": "",
  "title": "Operator Console",
  "uid": "ae1ae2de-02d9-43be-b758-c6731f45bf59",
  "version": 17,
  "weekStart": ""
}